-- Seed data FPay / Magic Stars
-- 15 utilisateurs mockes + wallets + 30 transactions
-- Executer dans le SQL Editor Supabase APRES la migration initiale

-- ============================================================
-- 1. PROFILES (15 utilisateurs : 5 USER + 5 CREATOR + 5 MERCHANT)
-- ============================================================
INSERT INTO profiles (id, username, email, role, kyc_status, first_name, last_name, phone, public_key, is_suspended, created_at, last_active) VALUES
  ('a0000000-0000-0000-0000-000000000001', 'alice.r',     'alice@email.mg',      'USER',    'VERIFIED',  'Alice',   'Rakoto',    '+261 34 12 345 01', 'FPAY_AbCdEfGhIjKlMnOpQrStUvWxYz0123456789AbCdEfGhIj_ED25519', false, NOW() - INTERVAL '120 days', NOW() - INTERVAL '1 day'),
  ('a0000000-0000-0000-0000-000000000002', 'bob.m',       'bob@email.mg',        'USER',    'VERIFIED',  'Bob',     'Mampionona', '+261 34 12 345 02', 'FPAY_BcDeFgHiJkLmNoPqRsTuVwXyZa1234567890BcDeFgHiJk_ED25519', false, NOW() - INTERVAL '90 days',  NOW() - INTERVAL '3 days'),
  ('a0000000-0000-0000-0000-000000000003', 'charlie.d',   'charlie@email.mg',    'USER',    'PENDING',   'Charlie', 'Dupont',     '+261 34 12 345 03', 'FPAY_CdEfGhIjKlMnOpQrStUvWxYzAb1234567890CdEfGhIjKlM_ED25519', false, NOW() - INTERVAL '60 days',  NOW() - INTERVAL '10 days'),
  ('a0000000-0000-0000-0000-000000000004', 'diana.l',     'diana@email.mg',      'USER',    'VERIFIED',  'Diana',   'Lalao',      '+261 34 12 345 04', 'FPAY_DeFgHiJkLmNoPqRsTuVwXyZaBc1234567890DeFgHiJkLm_ED25519', false, NOW() - INTERVAL '150 days', NOW() - INTERVAL '2 days'),
  ('a0000000-0000-0000-0000-000000000005', 'eve.t',       'eve@email.mg',        'USER',    'SUSPENDED', 'Eve',     'Tiana',      '+261 34 12 345 05', 'FPAY_EfGhIjKlMnOpQrStUvWxYzAbCd1234567890EfGhIjKlMnO_ED25519', true,  NOW() - INTERVAL '200 days', NOW() - INTERVAL '45 days'),
  ('a0000000-0000-0000-0000-000000000006', 'clara.stream', 'clara@stream.mg',    'CREATOR', 'VERIFIED',  'Clara',   'Stream',    '+261 34 12 345 06', 'FPAY_FgHiJkLmNoPqRsTuVwXyZaBcDe1234567890FgHiJkLmNoP_ED25519', false, NOW() - INTERVAL '180 days', NOW() - INTERVAL '1 day'),
  ('a0000000-0000-0000-0000-000000000007', 'olivia.art',  'olivia@art.mg',       'CREATOR', 'VERIFIED',  'Olivia',  'Art',       '+261 34 12 345 07', 'FPAY_GhIjKlMnOpQrStUvWxYzAbCdEf1234567890GhIjKlMnOpQ_ED25519', false, NOW() - INTERVAL '160 days', NOW() - INTERVAL '2 days'),
  ('a0000000-0000-0000-0000-000000000008', 'leo.vision',  'leo@vision.mg',       'CREATOR', 'PENDING',   'Leo',     'Vision',    '+261 34 12 345 08', 'FPAY_HiJkLmNoPqRsTuVwXyZaBcDeFg1234567890HiJkLmNoPqR_ED25519', false, NOW() - INTERVAL '45 days',  NOW() - INTERVAL '5 days'),
  ('a0000000-0000-0000-0000-000000000009', 'sophie.beat', 'sophie@beat.mg',      'CREATOR', 'VERIFIED',  'Sophie',  'Beat',      '+261 34 12 345 09', 'FPAY_IjKlMnOpQrStUvWxYzAbCdEfGh1234567890IjKlMnOpQrS_ED25519', false, NOW() - INTERVAL '210 days', NOW() - INTERVAL '1 day'),
  ('a0000000-0000-0000-0000-000000000010', 'max.wave',    'max@wave.mg',          'CREATOR', 'SUSPENDED','Max',     'Wave',      '+261 34 12 345 10', 'FPAY_JkLmNoPqRsTuVwXyZaBcDeFgHi1234567890JkLmNoPqRsT_ED25519', true,  NOW() - INTERVAL '130 days', NOW() - INTERVAL '60 days'),
  ('a0000000-0000-0000-0000-000000000011', 'epicerie.anna', 'anna@epicerie.mg',   'MERCHANT','VERIFIED',  'Anna',    'Epicerie',  '+261 34 12 345 11', 'FPAY_KaLmNoPqRsTuVwXyZaBcDeFgHi1234567890KaLmNoPqRsT_ED25519', false, NOW() - INTERVAL '250 days', NOW() - INTERVAL '1 day'),
  ('a0000000-0000-0000-0000-000000000012', 'tech.shop',   'shop@tech.mg',        'MERCHANT','VERIFIED',  'Tec',     'Shop',      '+261 34 12 345 12', 'FPAY_LmNoPqRsTuVwXyZaBcDeFgHiJk1234567890LmNoPqRsTuV_ED25519', false, NOW() - INTERVAL '190 days', NOW() - INTERVAL '3 days'),
  ('a0000000-0000-0000-0000-000000000013', 'resto.mada',  'resto@mada.mg',       'MERCHANT','PENDING',   'Resto',   'Mada',      '+261 34 12 345 13', 'FPAY_MnOpQrStUvWxYzAbCdEfGhIjKl1234567890MnOpQrStUvW_ED25519', false, NOW() - INTERVAL '30 days',  NOW() - INTERVAL '7 days'),
  ('a0000000-0000-0000-0000-000000000014', 'art.gallery', 'gallery@art.mg',      'MERCHANT','VERIFIED',  'Art',     'Gallery',   '+261 34 12 345 14', 'FPAY_NoPqRsTuVwXyZaBcDeFgHiJkLm1234567890NoPqRsTuVwX_ED25519', false, NOW() - INTERVAL '170 days', NOW() - INTERVAL '4 days'),
  ('a0000000-0000-0000-0000-000000000015', 'market.plus', 'plus@market.mg',      'MERCHANT','VERIFIED',  'Market',  'Plus',      '+261 34 12 345 15', 'FPAY_OpQrStUvWxYzAbCdEfGhIjKlMn1234567890OpQrStUvWxY_ED25519', false, NOW() - INTERVAL '140 days', NOW() - INTERVAL '2 days');

-- ============================================================
-- 2. WALLETS (15 wallets, 1 par profil)
-- ============================================================
INSERT INTO wallets (user_id, balance_a, balance_b) VALUES
  ('a0000000-0000-0000-0000-000000000001', 2500,  15000),
  ('a0000000-0000-0000-0000-000000000002', 800,   5000),
  ('a0000000-0000-0000-0000-000000000003', 1500,  0),
  ('a0000000-0000-0000-0000-000000000004', 3200,  22000),
  ('a0000000-0000-0000-0000-000000000005', 0,     0),
  ('a0000000-0000-0000-0000-000000000006', 12000, 85000),
  ('a0000000-0000-0000-0000-000000000007', 8500,  45000),
  ('a0000000-0000-0000-0000-000000000008', 3000,  12000),
  ('a0000000-0000-0000-0000-000000000009', 15000, 95000),
  ('a0000000-0000-0000-0000-000000000010', 2000,  5000),
  ('a0000000-0000-0000-0000-000000000011', 5000,  320000),
  ('a0000000-0000-0000-0000-000000000012', 2000,  150000),
  ('a0000000-0000-0000-0000-000000000013', 1000,  45000),
  ('a0000000-0000-0000-0000-000000000014', 3000,  78000),
  ('a0000000-0000-0000-0000-000000000015', 4500,  210000);

-- ============================================================
-- 3. TRANSACTIONS (30 transactions sur 30 jours)
-- ============================================================
INSERT INTO transactions (id, type, sender_id, recipient_id, amount, fee, status, created_at) VALUES
  ('b0000000-0000-0000-0000-000000000001', 'ACHAT',     'a0000000-0000-0000-0000-000000000001', 'a0000000-0000-0000-0000-000000000001', 500,   0, 'COMPLETED', NOW() - INTERVAL '29 days'),
  ('b0000000-0000-0000-0000-000000000002', 'TRANSFERT', 'a0000000-0000-0000-0000-000000000002', 'a0000000-0000-0000-0000-000000000003', 200,   0, 'COMPLETED', NOW() - INTERVAL '28 days'),
  ('b0000000-0000-0000-0000-000000000003', 'ACHAT',     'a0000000-0000-0000-0000-000000000003', 'a0000000-0000-0000-0000-000000000003', 1000,  0, 'COMPLETED', NOW() - INTERVAL '27 days'),
  ('b0000000-0000-0000-0000-000000000004', 'RECOMPENSE','a0000000-0000-0000-0000-000000000006', 'a0000000-0000-0000-0000-000000000007', 300,   0, 'COMPLETED', NOW() - INTERVAL '26 days'),
  ('b0000000-0000-0000-0000-000000000005', 'ACHAT',     'a0000000-0000-0000-0000-000000000004', 'a0000000-0000-0000-0000-000000000004', 1500,  0, 'FAILED',    NOW() - INTERVAL '25 days'),
  ('b0000000-0000-0000-0000-000000000006', 'TRANSFERT', 'a0000000-0000-0000-0000-000000000006', 'a0000000-0000-0000-0000-000000000002', 500,   0, 'COMPLETED', NOW() - INTERVAL '24 days'),
  ('b0000000-0000-0000-0000-000000000007', 'PAIEMENT',  'a0000000-0000-0000-0000-000000000011', 'a0000000-0000-0000-0000-000000000011', 1200,  18, 'COMPLETED', NOW() - INTERVAL '23 days'),
  ('b0000000-0000-0000-0000-000000000008', 'ACHAT',     'a0000000-0000-0000-0000-000000000006', 'a0000000-0000-0000-0000-000000000006', 2000,  0, 'COMPLETED', NOW() - INTERVAL '22 days'),
  ('b0000000-0000-0000-0000-000000000009', 'RECOMPENSE','a0000000-0000-0000-0000-000000000009', 'a0000000-0000-0000-0000-000000000006', 150,   0, 'COMPLETED', NOW() - INTERVAL '21 days'),
  ('b0000000-0000-0000-0000-000000000010', 'ACHAT',     'a0000000-0000-0000-0000-000000000007', 'a0000000-0000-0000-0000-000000000007', 800,   0, 'COMPLETED', NOW() - INTERVAL '20 days'),
  ('b0000000-0000-0000-0000-000000000011', 'TRANSFERT', 'a0000000-0000-0000-0000-000000000011', 'a0000000-0000-0000-0000-000000000008', 400,   0, 'PENDING',   NOW() - INTERVAL '19 days'),
  ('b0000000-0000-0000-0000-000000000012', 'ACHAT',     'a0000000-0000-0000-0000-000000000012', 'a0000000-0000-0000-0000-000000000012', 3000,  0, 'COMPLETED', NOW() - INTERVAL '18 days'),
  ('b0000000-0000-0000-0000-000000000013', 'PAIEMENT',  'a0000000-0000-0000-0000-000000000012', 'a0000000-0000-0000-0000-000000000012', 750,   11, 'COMPLETED', NOW() - INTERVAL '17 days'),
  ('b0000000-0000-0000-0000-000000000014', 'RECOMPENSE','a0000000-0000-0000-0000-000000000007', 'a0000000-0000-0000-0000-000000000009', 200,   0, 'COMPLETED', NOW() - INTERVAL '16 days'),
  ('b0000000-0000-0000-0000-000000000015', 'ACHAT',     'a0000000-0000-0000-0000-000000000014', 'a0000000-0000-0000-0000-000000000014', 1200,  0, 'COMPLETED', NOW() - INTERVAL '15 days'),
  ('b0000000-0000-0000-0000-000000000016', 'TRANSFERT', 'a0000000-0000-0000-0000-000000000009', 'a0000000-0000-0000-0000-000000000011', 1000,  0, 'COMPLETED', NOW() - INTERVAL '14 days'),
  ('b0000000-0000-0000-0000-000000000017', 'ACHAT',     'a0000000-0000-0000-0000-000000000015', 'a0000000-0000-0000-0000-000000000015', 2500,  0, 'COMPLETED', NOW() - INTERVAL '13 days'),
  ('b0000000-0000-0000-0000-000000000018', 'PAIEMENT',  'a0000000-0000-0000-0000-000000000014', 'a0000000-0000-0000-0000-000000000014', 1800,  27, 'FAILED',    NOW() - INTERVAL '12 days'),
  ('b0000000-0000-0000-0000-000000000019', 'RECOMPENSE','a0000000-0000-0000-0000-000000000006', 'a0000000-0000-0000-0000-000000000008', 100,   0, 'COMPLETED', NOW() - INTERVAL '11 days'),
  ('b0000000-0000-0000-0000-000000000020', 'TRANSFERT', 'a0000000-0000-0000-0000-000000000001', 'a0000000-0000-0000-0000-000000000004', 300,   0, 'COMPLETED', NOW() - INTERVAL '10 days'),
  ('b0000000-0000-0000-0000-000000000021', 'ACHAT',     'a0000000-0000-0000-0000-000000000008', 'a0000000-0000-0000-0000-000000000008', 500,   0, 'COMPLETED', NOW() - INTERVAL '9 days'),
  ('b0000000-0000-0000-0000-000000000022', 'ACHAT',     'a0000000-0000-0000-0000-000000000011', 'a0000000-0000-0000-0000-000000000011', 3000,  0, 'COMPLETED', NOW() - INTERVAL '8 days'),
  ('b0000000-0000-0000-0000-000000000023', 'TRANSFERT', 'a0000000-0000-0000-0000-000000000012', 'a0000000-0000-0000-0000-000000000013', 600,   0, 'PENDING',   NOW() - INTERVAL '7 days'),
  ('b0000000-0000-0000-0000-000000000024', 'ACHAT',     'a0000000-0000-0000-0000-000000000009', 'a0000000-0000-0000-0000-000000000009', 4000,  0, 'COMPLETED', NOW() - INTERVAL '6 days'),
  ('b0000000-0000-0000-0000-000000000025', 'PAIEMENT',  'a0000000-0000-0000-0000-000000000015', 'a0000000-0000-0000-0000-000000000015', 2200,  33, 'COMPLETED', NOW() - INTERVAL '5 days'),
  ('b0000000-0000-0000-0000-000000000026', 'RECOMPENSE','a0000000-0000-0000-0000-000000000009', 'a0000000-0000-0000-0000-000000000007', 250,   0, 'COMPLETED', NOW() - INTERVAL '4 days'),
  ('b0000000-0000-0000-0000-000000000027', 'ACHAT',     'a0000000-0000-0000-0000-000000000013', 'a0000000-0000-0000-0000-000000000013', 400,   0, 'COMPLETED', NOW() - INTERVAL '3 days'),
  ('b0000000-0000-0000-0000-000000000028', 'TRANSFERT', 'a0000000-0000-0000-0000-000000000004', 'a0000000-0000-0000-0000-000000000015', 700,   0, 'COMPLETED', NOW() - INTERVAL '2 days'),
  ('b0000000-0000-0000-0000-000000000029', 'ACHAT',     'a0000000-0000-0000-0000-000000000006', 'a0000000-0000-0000-0000-000000000006', 5000,  0, 'COMPLETED', NOW() - INTERVAL '1 day'),
  ('b0000000-0000-0000-0000-000000000030', 'PAIEMENT',  'a0000000-0000-0000-0000-000000000011', 'a0000000-0000-0000-0000-000000000011', 3500,  52, 'PENDING',   NOW());
